name,audience_size,topic,path,emoji_code,emoji_extra
4x4s,53333030,Business and industry,Hobbies and activities|Vehicles|4x4s,1f699,
Advertising,222340510,Business and industry,Business and industry|Advertising,1f4e3,
Agriculture,253803750,Business and industry,Business and industry|Agriculture,1f69c,
Architecture,370053960,Business and industry,Business and industry|Architecture,1f3db,
Aviation,134028940,Business and industry,Business and industry|Aviation,2708,
Banking,237533070,Business and industry,Business and industry|Banking,1f3e6,
Business,638130940,Business and industry,Business and industry|Business,1f4bc,
Camcorders,21667910,Business and industry,Technology|Consumer electronics|Camcorders,1f4f9,
Cash,57838220,Business and industry,,1f4b0,
Cloud computing,235572120,Business and industry,,2601,
Computer memory,10690620,Business and industry,Technology|Computers|Computer memory,1f5a5,1f4be
Computer monitors,52876010,Business and industry,Technology|Computers|Computer monitors,1f4bb,
Construction,189714560,Business and industry,Business and industry|Construction,1f3d7,
Credit cards,230320440,Business and industry,Business and industry|Personal finance|Credit cards,1f4b3,
Design,785249430,Business and industry,Business and industry|Design,1f4d0,
Digital marketing,32351302,Business and industry,Business and industry|Online|Digital marketing,1f4f2,
Display advertising,8876492,Business and industry,Business and industry|Online|Display advertising,1f5bc,
Economics,218522700,Business and industry,Business and industry|Economics,1f4b1,
Education,780857920,Business and industry,Business and industry|Education,1f3eb,
Email marketing,13040472,Business and industry,Business and industry|Online|Email marketing,1f4e8,
Engineering,144826030,Business and industry,Business and industry|Engineering,2699,
Entrepreneurship,124054790,Business and industry,Business and industry|Entrepreneurship,1f4b8,
Fine print,1793510,Business and industry,,002a-20e3,
Graphic design,113582040,Business and industry,Business and industry|Design|Graphic design,270d-1f3ff,
Gyms,193817060,Business and industry,Fitness and wellness|Gyms,1f3cb-1f3fe,
Helicopters,24427650,Business and industry,Hobbies and activities|Vehicles|Helicopters,1f681,
Higher education,460739210,Business and industry,Business and industry|Higher education,1f393,
Insurance,145065460,Business and industry,Business and industry|Personal finance|Insurance,1f915,
Interior design,213785990,Business and industry,Business and industry|Design|Interior design,1f6cb,
Investment,140683700,Business and industry,Business and industry|Personal finance|Investment,1f4c8,
Investment banking,25762979,Business and industry,Business and industry|Banking|Investment banking,1f4b8,
Law,269139430,Business and industry,Hobbies and activities|Politics and social issues|Law,2696,
Management,171527020,Business and industry,Business and industry|Management,1f454,
Marketing,488935380,Business and industry,Business and industry|Marketing,1f4cb,
MATLAB,2625560,Business and industry,Business and industry|Software,1f4ca,
Medicine,438581390,Business and industry,,1f489,
Military,117760810,Business and industry,Hobbies and activities|Politics and social issues|Military,1f482-1f3fc,
Mortgage loans,52943050,Business and industry,Business and industry|Personal finance|Mortgage loans,1f4b0,
Nursing,71716100,Business and industry,Business and industry|Nursing,1f912,
Online advertising,50549180,Business and industry,Business and industry|Online|Online advertising,1f4bb,
Online banking,36349060,Business and industry,Business and industry|Banking|Online banking,1f4b2,
Personal finance,355256080,Business and industry,Business and industry|Personal finance,1f3e7,
Pet food,20072327,Business and industry,Hobbies and activities|Pets|Pet food,1f356,
Property,96247470,Business and industry,Business and industry|Property,1f3e0,
Research,299942540,Business and industry,Business and industry|Research,1f52c,
Retail,392898130,Business and industry,Business and industry|Retail,1f3ea,
Retail banking,16371150,Business and industry,Business and industry|Banking|Retail banking,1f4b5,
Sales,554681240,Business and industry,Business and industry|Sales,1f4b5,
Science,361303050,Business and industry,Business and industry|Science,1f52c,
Search engine optimisation,20804770,Business and industry,Business and industry|Online|Search engine optimisation,1f50e,
Small business,50851990,Business and industry,Business and industry|Small business,1f3ec,
Social media marketing,19701729,Business and industry,Business and industry|Online|Social media marketing,1f44d-1f3fb,
SpaceX,1683850,Business and industry,Aerospace/Defense,1f680,
Stationery,17077480,Business and industry,,1f4ce,
Typography,103543750,Business and industry,Business and industry|Design,1f195,
Veterans,23688040,Business and industry,Hobbies and activities|Politics and social issues|Veterans,262e,
Volunteering,36814310,Business and industry,Hobbies and activities|Politics and social issues|Volunteering,261d,
Web design,20521770,Business and industry,Business and industry|Online|Web design,1f5b1,
Web development,15458868,Business and industry,Business and industry|Online|Web development,1f517,
Dating,137576030,Family and relationships,Family and relationships|Dating,1f498,
Family,814696580,Family and relationships,Family and relationships|Family,1f468-1f469-1f467-1f466,
Fatherhood,216851640,Family and relationships,Family and relationships|Fatherhood,1f468-1f3fe,1f476-1f3fe
Friendship,724202450,Family and relationships,Family and relationships|Friendship,1f38e,
Love,838535070,Family and relationships,Fitness and wellness|Emotion,1f493,
Marriage,163411230,Family and relationships,Family and relationships|Marriage,1f48d,
Motherhood,377936380,Family and relationships,Family and relationships|Motherhood,1f469-1f3fc,1f476-1f3fc
Parenting,142248810,Family and relationships,Family and relationships|Parenting,1f37c,
Siblings,332599030,Family and relationships,,1f466-1f3fd,1f467-1f3fd
Weddings,226837680,Family and relationships,Family and relationships|Weddings,1f492,
Bodybuilding,100728581,Fitness and wellness,Fitness and wellness|Bodybuilding,1f4aa,
Crying,41464420,Fitness and wellness,,1f62d,
Dieting,152089908,Fitness and wellness,Fitness and wellness|Dieting,1f34e,
Fitness and wellness,686835160,Fitness and wellness,Fitness and wellness,1f3c3-1f3fd,
Healthcare,113075570,Fitness and wellness,Business and industry|Healthcare,1f3e5,
Meditation,128205121,Fitness and wellness,Fitness and wellness|Meditation,262f,
Nutrition,218564070,Fitness and wellness,Fitness and wellness|Nutrition,1f34c,
Physical exercise,254263260,Fitness and wellness,Fitness and wellness|Physical exercise,1f3c3,
Physical fitness,259209350,Fitness and wellness,Fitness and wellness|Physical fitness,1f3c3-1f3fb,
Running,168926341,Fitness and wellness,Fitness and wellness|Running,1f3c3-1f3ff,
Sleeping,220780170,Fitness and wellness,,1f634,
Weight training,123222652,Fitness and wellness,Fitness and wellness|Weight training,1f3cb-1f3ff,
Yoga,169218817,Fitness and wellness,Fitness and wellness|Yoga,1f64f,
Zumba,105759651,Fitness and wellness,Fitness and wellness|Zumba,1f46f,
Alcoholic drinks,368525490,Food and drink,Food and drink|Alcoholic drink,1f378,
Baking,129280925,Food and drink,Food and drink|Cooking|Baking,1f370,
Barbecues,90812100,Food and drink,Food and drink|Food|Barbecue,1f525,1f362
Bars,155241970,Food and drink,Entertainment|Live events|Bars,1f37b,
Beer,211496260,Food and drink,Food and drink|Alcoholic drink|Beer,1f37a,
Beverages,649673920,Food and drink,Food and drink|Beverages,1f37b,
Bread,89194740,Food and drink,,1f35e,
Breakfast,111493300,Food and drink,Meal,1f373,
Cheese,119787520,Food and drink,Food,1f9c0,
Chinese cuisine,38131490,Food and drink,Food and drink|Cuisine|Chinese cuisine,1f35a,
Chocolates,242892270,Food and drink,Food and drink|Food|Chocolate,1f36b,
Coffee,392619220,Food and drink,Food and drink|Beverages|Coffee,2615,
Coffeehouses,196064760,Food and drink,Food and drink|Restaurants|Coffeehouses,2615,
Cooking,385545320,Food and drink,Food and drink|Cooking,1f373,
Desserts,176599850,Food and drink,Food and drink|Food|Desserts,1f368,
Diners,62038595,Food and drink,Food and drink|Restaurants|Diners,1f37d,
Distilled drinks,127985980,Food and drink,Food and drink|Alcoholic drink|Distilled drink,1f376,
Energy drinks,44433540,Food and drink,Food and drink|Beverages|Energy drinks,1f600,
Fast casual restaurants,30375963,Food and drink,Food and drink|Restaurants|Fast casual restaurants,1f32d,
Fast food,184249040,Food and drink,Food and drink|Food|Fast food,1f354,
Fast food restaurants,68593330,Food and drink,Food and drink|Restaurants|Fast food restaurants,1f35f,
Food,989889920,Food and drink,Food and drink|Food,1f372,
French Cuisine,34255798,Food and drink,Food and drink|Cuisine|French Cuisine,1f1eb-1f1f7,
German cuisine,9462706,Food and drink,Food and drink|Cuisine|German cuisine,1f1e9-1f1ea,
Grapes,48367420,Food and drink,Food,1f347,
Greek cuisine,10423964,Food and drink,Food and drink|Cuisine|Greek cuisine,1f1ec-1f1f7,
Indian cuisine,19533520,Food and drink,Food and drink|Cuisine|Indian cuisine,1f336,
Italian cuisine,59736740,Food and drink,Food and drink|Cuisine|Italian cuisine,1f35d,
Japanese cuisine,47580517,Food and drink,Food and drink|Cuisine|Japanese cuisine,1f371,
Juice,75523690,Food and drink,Food and drink|Beverages|Juice,1f379,
Korean cuisine,22942940,Food and drink,Food and drink|Cuisine|Korean cuisine,1f1f0-1f1f7,
Latin American cuisine,29371481,Food and drink,Food and drink|Cuisine|Latin American cuisine,,
Mexican cuisine,27343620,Food and drink,Food and drink|Cuisine|Mexican cuisine,1f32e,
Middle Eastern cuisine,47452840,Food and drink,Food and drink|Cuisine|Middle Eastern cuisine,1f32f,
Motorhomes,13261500,Food and drink,Hobbies and activities|Vehicles|Motorhomes,,
Mushrooms,29231680,Food and drink,Food,1f344,
Organic food,92059111,Food and drink,Food and drink|Food|Organic food,1f33d,
Pizza,183845320,Food and drink,Food and drink|Food|Pizza,1f355,
Popcorn,24587350,Food and drink,,1f37f,
Recipes,211191160,Food and drink,Food and drink|Cooking|Recipes,1f4d6,
Restaurants,408863460,Food and drink,Food and drink|Restaurants,1f37d,
Seafood,80194092,Food and drink,Food and drink|Food|Seafood,1f421,
Soft drinks,233221130,Food and drink,Food and drink|Beverages|Soft drinks,,
Spanish cuisine,16846002,Food and drink,Food and drink|Cuisine|Spanish cuisine,1f1ea-1f1e6,
Strawberries,51614860,Food and drink,Food,1f353,
Tea,354358490,Food and drink,Food and drink|Beverages|Tea,1f375,
Thai cuisine,28991400,Food and drink,Food and drink|Cuisine|Thai cuisine,1f1f9-1f1ed,
Veganism,77563127,Food and drink,Food and drink|Food|Veganism,1f33e,
Vegetarianism,85365778,Food and drink,Food and drink|Food|Vegetarianism,1f345,
Vietnamese cuisine,15039898,Food and drink,Food and drink|Cuisine|Vietnamese cuisine,1f35c,
Water,345495540,Food and drink,,1f4a7,
Wine,206488490,Food and drink,Food and drink|Alcoholic drink|Wine,1f377,
Acting,109879600,Hobbies and activities,Hobbies and activities|Arts and music|Acting,1f3ad,
Adventure travel,150583853,Hobbies and activities,Hobbies and activities|Travel|Adventure travel,1f68f,
Air travel,173111079,Hobbies and activities,Hobbies and activities|Travel|Air travel,1f6e9,
Audio equipment,15836792,Hobbies and activities,Technology|Consumer electronics|Audio equipment,1f3a7,
Balloons,29678390,Hobbies and activities,,1f388,
Birds,148599110,Hobbies and activities,Hobbies and activities|Pets|Birds,1f426,
Birthdays,129319040,Hobbies and activities,Event,1f382,
Blood donation,5670890,Hobbies and activities,Hobbies and activities|Politics and social issues|Charity and causes,1f489,
Boats,47933360,Hobbies and activities,Hobbies and activities|Vehicles|Boats,1f6a2,
Car rentals,111477510,Hobbies and activities,Hobbies and activities|Travel|Car rentals,1f698,
Cats,213556660,Hobbies and activities,Hobbies and activities|Pets|Cats,1f408,
Charity and causes,97371170,Hobbies and activities,Hobbies and activities|Politics and social issues|Charity and causes,1f397,
Comets,8163240,Hobbies and activities,,2604,
Crafts,84426960,Hobbies and activities,Hobbies and activities|Arts and music|Crafts,2702,
Current events,542360510,Hobbies and activities,Hobbies and activities|Current events,1f4f0,
Dancing,489967640,Hobbies and activities,Hobbies and activities|Arts and music|Dance,1f483,
Do it yourself (DIY),126360330,Hobbies and activities,Hobbies and activities|Home and garden|Do it yourself (DIY),1f6e0,
Dogs,311813400,Hobbies and activities,Hobbies and activities|Pets|Dogs,1f415,
Dolphins,18359470,Hobbies and activities,Biology|Animal,1f42c,
Drawing,99662160,Hobbies and activities,Hobbies and activities|Arts and music|Drawing,1f58d,
Drums,19716871,Hobbies and activities,Hobbies and activities|Arts and music|Drums,,
Ecotourism,125446445,Hobbies and activities,Hobbies and activities|Travel|Ecotourism,1f3de,
Electric vehicles,15365769,Hobbies and activities,Hobbies and activities|Vehicles|Electric vehicle,1f68e,
Ferris wheels,4303120,Hobbies and activities,,1f3a1,
Fine art,41672650,Hobbies and activities,Hobbies and activities|Arts and music|Fine art,1f3fa,
Fire,100358310,Hobbies and activities,,1f525,
Fish,149980420,Hobbies and activities,Hobbies and activities|Pets|Fish,1f41f,
Gardening,335446620,Hobbies and activities,Hobbies and activities|Home and garden|Gardening,1f33c,
GPS devices,13933316,Hobbies and activities,Technology|Consumer electronics|GPS devices,1f4cd,
Guitars,71536980,Hobbies and activities,Hobbies and activities|Arts and music|Guitar,1f3b8,
Halloween,81697260,Hobbies and activities,Event,1f383,
Holidays,103690040,Hobbies and activities,Hobbies and activities|Travel|Holidays,1f305,
Home appliances,99370140,Hobbies and activities,Hobbies and activities|Home and garden|Home appliances,1f39b,
Horseback riding,31351970,Hobbies and activities,Sports and outdoors|Outdoor recreation|Horseback riding,1f3c7-1f3fc,
Horses,126674960,Hobbies and activities,Hobbies and activities|Pets|Horses,1f434,
Hotels,308438810,Hobbies and activities,Hobbies and activities|Travel|Hotels,1f3e8,
Hybrids,13248600,Hobbies and activities,Hobbies and activities|Vehicles|Hybrids,1f50c,1f697
Icebreakers,1217210,Hobbies and activities,,1f4db,
International Space Station,9932050,Hobbies and activities,,1f6f0,
Lakes,136200230,Hobbies and activities,Hobbies and activities|Travel|Lakes,26f0,
Lorries,117311040,Hobbies and activities,Hobbies and activities|Vehicles|Lorries,1f69a,
Love letters,1888340,Hobbies and activities,,1f48c,
Modern art,10850140,Hobbies and activities,,1f5ef,
Motorcycles,179083600,Hobbies and activities,Hobbies and activities|Vehicles|Motorcycles,1f3cd,
Nature,548853590,Hobbies and activities,Hobbies and activities|Travel|Nature,1f304,
Painting,181681050,Hobbies and activities,Hobbies and activities|Arts and music|Painting,1f3a8,
Parties,203904210,Hobbies and activities,Entertainment|Live events|Parties,1f389,
Penguins,17464070,Hobbies and activities,Biology|Animal,1f427,
People Carriers,12621705,Hobbies and activities,Hobbies and activities|Vehicles|People Carriers,1f690,
Performing arts,116949990,Hobbies and activities,Hobbies and activities|Arts and music|Performing arts,1f3aa,
Pets,485270540,Hobbies and activities,Hobbies and activities|Pets,1f429,
Photography,693437920,Hobbies and activities,Hobbies and activities|Arts and music|Photography,1f4f7,
Portable media players,6931990,Hobbies and activities,Technology|Consumer electronics|Portable media players,1f4bf,
Prayer,138451410,Hobbies and activities,,1f64f,
Projectors,22718294,Hobbies and activities,Technology|Consumer electronics|Projectors,1f4fd,
Rainbows,49443150,Hobbies and activities,Nature,1f308,
Reading,864833410,Hobbies and activities,Entertainment|Reading,1f4da,
Reptiles,16151590,Hobbies and activities,Hobbies and activities|Pets|Reptiles,1f40d,
Road trips,7174810,Hobbies and activities,Hobbies and activities|Travel|Tourism,1f6e3,
Sculpture,140097660,Hobbies and activities,Hobbies and activities|Arts and music|Sculpture,1f5ff,
Snow,127472720,Hobbies and activities,,2603,
Solar power,9524770,Hobbies and activities,,2600,
Space,129409560,Hobbies and activities,Hobbies and activities|Travel,1f30c,
Spas,304031776,Hobbies and activities,Shopping and fashion|Beauty|Spas,1f6c0-1f3fb,
Spiders,26993420,Hobbies and activities,Biology|Animal,1f577,
Televisions,829642700,Hobbies and activities,Technology|Consumer electronics|Televisions,1f4fa,
Thunderstorms,8714480,Hobbies and activities,Nature,1f329,
Toilets,55275990,Hobbies and activities,Place,1f6bd,
Turkeys,13529180,Hobbies and activities,Biology|Animal,1f983,
Umbrellas,10126490,Hobbies and activities,,2602,
Volcanos,23881500,Hobbies and activities,Nature,1f30b,
Writing,169857340,Hobbies and activities,Hobbies and activities|Arts and music|Writing,1f4dd,
Anonymity,21698390,Lifestyle and culture,,1f465,
Arts and music,862449880,Lifestyle and culture,Hobbies and activities|Arts and music,1f3a8,1f3bc
Books,607374150,Lifestyle and culture,Entertainment|Reading|Books,1f4da,
Christmas,371951280,Lifestyle and culture,Event,1f384,
Community issues,342772230,Lifestyle and culture,Hobbies and activities|Politics and social issues|Community issues,1f3da,
Cruises,148653975,Lifestyle and culture,Hobbies and activities|Travel|Cruises,1f6f3,
Dragons,71817490,Lifestyle and culture,Fantasy|Animal,1f409,
Emoji,27048630,Lifestyle and culture,,1f61d,
Environmentalism,47905954,Lifestyle and culture,Hobbies and activities|Politics and social issues|Environmentalism,1f333,
Fireworks,8246050,Lifestyle and culture,,1f386,
Flirting,18263720,Lifestyle and culture,,1f618,
Floppy disks,890170,Lifestyle and culture,,1f4be,
Guns,31615350,Lifestyle and culture,,1f52b,
Happiness,570671330,Lifestyle and culture,Fitness and wellness|Emotion,1f603,
Hashtags,57891600,Lifestyle and culture,,0023-20e3,
Instant messaging,897632660,Lifestyle and culture,,1f4ac,
Mornings,70403240,Lifestyle and culture,Science|Nature,1f413,
Nerds,25519600,Lifestyle and culture,,1f913,
Peace,113986840,Lifestyle and culture,,1f54a,
Pianos,76122160,Lifestyle and culture,Hobbies and activities|Arts and music|Piano,1f3b9,
Productivity,15718280,Lifestyle and culture,,2611,
Public transport,32991230,Lifestyle and culture,Travel,1f68f,
Religion,385604980,Lifestyle and culture,Hobbies and activities|Politics and social issues|Religion,1f64f,
Sarcasm,54162060,Lifestyle and culture,,1f643,
Seashells,7139870,Lifestyle and culture,,1f41a,
Silence,20880900,Lifestyle and culture,,1f64a,
Singing,255597300,Lifestyle and culture,Hobbies and activities|Arts and music|Singing,1f3a4,
Smoking,36674380,Lifestyle and culture,Hobbies and activities,1f6ac,
Sustainability,68544610,Lifestyle and culture,Hobbies and activities|Politics and social issues|Sustainability,267b,
Unicorns,14627970,Lifestyle and culture,Fantasy|Animal,1f984,
Unrequited love,5156640,Lifestyle and culture,Fitness and wellness|Emotion,1f494,
Action films,128922396,News and entertainment,Entertainment|Films|Action films,1f4a5,
Action games,202766420,News and entertainment,Entertainment|Games|Action games,1f4a3,1f3ae
Adult humor,8934380,News and entertainment,,1f609,1f51e
Animated films,192832240,News and entertainment,Entertainment|Films|Animated films,1f31b,
Anime films,115986080,News and entertainment,Entertainment|Films|Anime films,1f1ef-1f1f5,
Babe (film),6204540,News and entertainment,Entertainment|Films,1f416,
Ballet,33942980,News and entertainment,Entertainment|Live events|Ballet,1f46f,
Blues music,252440640,News and entertainment,Entertainment|Music|Blues music,1f3ba,
Board games,61699721,News and entertainment,Entertainment|Games|Board games,1f3b2,
Bollywood films,224650280,News and entertainment,Entertainment|Films|Bollywood films,1f645-1f3fd,
Browser games,65780090,News and entertainment,Entertainment|Games|Browser games,1f3b1,
Card games,147453170,News and entertainment,Entertainment|Games|Card games,1f0cf,
Casino games,79997044,News and entertainment,Entertainment|Games|Casino games,1f3b2,
Classical music,143286381,News and entertainment,Entertainment|Music|Classical music,1f3bb,
Comedy films,388412890,News and entertainment,Entertainment|Films|Comedy films,1f602,
Comics,143670960,News and entertainment,Entertainment|Reading|Comics,1f913,
Competitions,88779130,News and entertainment,Event,1f3c6,
Concerts,249499410,News and entertainment,Entertainment|Live events|Concerts,1f39f,
Country music,316829580,News and entertainment,Entertainment|Music|Country music,1f3b8,
Dance music,168546416,News and entertainment,Entertainment|Music|Dance music,1f39a,
Dancehalls,68902650,News and entertainment,Entertainment|Live events|Dancehalls,1f46f,
Documentary films,150691390,News and entertainment,Entertainment|Films|Documentary films,1f43b,
Drama films,160147770,News and entertainment,Entertainment|Films|Drama films,1f628,
Electronic music,444201290,News and entertainment,Entertainment|Music|Electronic music,1f39a,
Entertainment,1312985610,News and entertainment,Entertainment,1f52e,
Fantasy films,117499326,News and entertainment,Entertainment|Films|Fantasy films,1f432,
Fiction books,134009960,News and entertainment,Entertainment|Reading|Fiction books,1f4d9,
Films,971781740,News and entertainment,Entertainment|Films,1f39e,
Finding Nemo,44822160,News and entertainment,Entertainment|Films,1f420,
First-person shooter games,430266270,News and entertainment,Entertainment|Games|First-person shooter games,1f52b,1f3ae
Forrest Gump,11183700,News and entertainment,Entertainment|Character,1f364,
Gambling,222398450,News and entertainment,Entertainment|Games|Gambling,1f3b0,
Games,983470150,News and entertainment,Entertainment|Games,1f3ae,
Gospel music,165306865,News and entertainment,Entertainment|Music|Gospel music,1f64c-1f3ff,
Heavy metal music,260419010,News and entertainment,Entertainment|Music|Heavy metal music,1f916,
Hip hop music,405137600,News and entertainment,Entertainment|Music|Hip hop music,270c-1f3ff,
Horror films,201126210,News and entertainment,Entertainment|Films|Horror films,1f47f,
Ice Age (film),20695880,News and entertainment,Entertainment|Films,1f330,
Jazz music,217680970,News and entertainment,Entertainment|Music|Jazz music,1f3b7,
Literature,154712870,News and entertainment,Entertainment|Reading|Literature,1f4dc,
Magazines,301135690,News and entertainment,Entertainment|Reading|Magazines,1f4d6,
Mahjong,15786430,News and entertainment,Entertainment|Game,1f004,
Manga,104117660,News and entertainment,Entertainment|Reading|Manga,1f4d4,
Massively multiplayer online games,105289409,News and entertainment,Entertainment|Games|Massively multiplayer online games,1f3ae,1f3ae
Massively multiplayer online role-playing games,123910121,News and entertainment,Entertainment|Games|Massively multiplayer online role-playing games,1f3ae,1f3ae
Music,1060002530,News and entertainment,Entertainment|Music,1f3bc,
Music videos,524824790,News and entertainment,Entertainment|Music|Music videos,1f399,
Musical theatre,97113640,News and entertainment,Entertainment|Films|Musical theatre,1f3ad,
Mystery fiction,70329370,News and entertainment,Entertainment|Reading|Mystery fiction,1f575,
Newspapers,474822640,News and entertainment,Entertainment|Reading|Newspapers,1f4f0,
Nightclubs,233685130,News and entertainment,Entertainment|Live events|Nightclubs,1f46f,
Non-fiction books,32903909,News and entertainment,Entertainment|Reading|Non-fiction books,1f4d8,
Online games,302268620,News and entertainment,Entertainment|Games|Online games,1f310,1f3ae
Online poker,96862815,News and entertainment,Entertainment|Games|Online poker,1f60e,
Pirates of the Caribbean (film series),25682330,News and entertainment,Entertainment|Films,2694,
Plays,169498670,News and entertainment,Entertainment|Live events|Plays,1f3ad,
Politics,186542760,News and entertainment,Hobbies and activities|Politics and social issues|Politics,1f5f3,
Pop music,654290380,News and entertainment,Entertainment|Music|Pop music,1f60d,
Puzzle video games,195940760,News and entertainment,Entertainment|Games|Puzzle video games,1f579,
Rabbits,52434420,News and entertainment,Hobbies and activities|Pets|Rabbits,1f407,
Racing games,86768830,News and entertainment,Entertainment|Games|Racing games,1f3c1,1f3ae
Rhythm and blues music,423585180,News and entertainment,Entertainment|Music|Rhythm and blues music,1f451,
Rock music,648965080,News and entertainment,Entertainment|Music|Rock music,1f918,
Role-playing games,158572420,News and entertainment,Entertainment|Games|Role-playing games,1f575-1f3fd,
Romance novels,71636480,News and entertainment,Entertainment|Reading|Romance novels,1f493,
Science fiction films,77992639,News and entertainment,Entertainment|Films|Science fiction films,1f596-1f3fb,
Shooter games,142848210,News and entertainment,Entertainment|Games|Shooter games,1f52b,1f3ae
Simulation games,140872500,News and entertainment,Entertainment|Games|Simulation games,1f916,1f3ae
Soul music,331153700,News and entertainment,Entertainment|Music|Soul music,1f47b,
Spider-Man,29744120,News and entertainment,Entertainment|Character,1f578,
Spock,1297350,News and entertainment,Entertainment|Character,1f596-1f3fb,
Sports games,117100290,News and entertainment,Entertainment|Games|Sports games,1f3d2,1f3ae
Stand-up comedy,92169670,News and entertainment,,1f399,
Television programs,752308070,News and entertainment,Entertainment|Television programs,1f4fa,
The Joker (comics),33983780,News and entertainment,Entertainment|Character,1f0cf,
The Matrix (film),15523700,News and entertainment,Entertainment|Films,1f4de,
The Oxford English Dictionary,9623310,News and entertainment,Entertainment|Books,1f4d5,
Theatre,255695990,News and entertainment,Entertainment|Live events|Theatre,1f3aa,
Thriller films,248265020,News and entertainment,Entertainment|Films|Thriller films,1f631,
TV chat shows,68723030,News and entertainment,Entertainment|Television programme|TV chat shows,1f4ba,
TV comedies,63641495,News and entertainment,Entertainment|Television programme|TV comedies,1f6bd,
TV game shows,92029308,News and entertainment,Entertainment|Television programme|TV game shows,1f396,
TV reality shows,235469880,News and entertainment,Entertainment|Television programme|TV reality shows,1f3dd,
Video games,815693470,News and entertainment,Entertainment|Games|Video games,1f579,1f3ae
Winnie-the-Pooh,19281100,News and entertainment,Entertainment|Character,1f36f,
Word games,60484499,News and entertainment,Entertainment|Games|Word games,1f4ac,
Albert Einstein,28380880,People,People|Scientist,1f4a1,1f684
Alfred Hitchcock,4661030,People,People|Director,1f6bf,1f52a
Andy Serkis,5674460,People,People|Actor,1f47e,
Audrey Hepburn,4704070,People,People|Actor,1f469-1f3fb,
Bindi Irwin,2125540,People,People|Public figure,1f467-1f3fc,1f40a
Bruce Lee,26382860,People,People|Actor,1f44a,
Charlize Theron,9128890,People,People|Actor,1f469-1f3fc,
Christopher Walken,2469150,People,People|Actor,1f6b6-1f3fb,
Cleopatra,1832820,People,People|Historical figure,1f4cf,
Clint Eastwood,7459860,People,People|Actor,1f3dc,
Cristiano Ronaldo,156309640,People,People|Athlete,26bd,
Daniel Craig,6867200,People,People|Actor,1f378,1f34b
Deepika Padukone,25157360,People,People|Actor,1f469-1f3fe,
Dr. Dre,94249550,People,People|Musician,1f3a7,
Dr. Seuss,4043390,People,People|Author,1f63a,1f3a9
Dwayne Johnson,74611410,People,People|Actor,1f4aa-1f3fe,
Gordon Ramsay,7389830,People,People|Chef,1f47f,1f373
Guillermo del Toro,9946780,People,People|Director,1f3ac,
J. J. Abrams,6386400,People,People|Director,1f3ac,
Jackie Chan,79930640,People,People|Actor,1f472-1f3fb,
James Cameron,9485630,People,People|Director,1f3ac,
Jamie Oliver,7441200,People,People|Chef,1f33d,1f373
Jean Claude van Damme,14976290,People,People|Actor,1f44a-1f3fd,
Jessica Alba,5415180,People,People|Actor,1f459,
Jim Parsons,2446240,People,People|Actor,269b,
John Woo,1675330,People,People|Director,1f3ac,
Julius Caesar,8734040,People,People|Historical figure,1f5e1,
Justin Bieber,186828600,People,People|Musician,1f476-1f3fc,
Kaley Cuoco,5570700,People,People|Actor,1f469-1f3fc,
Kate Beckinsale,5827540,People,People|Actor,1f469-1f3fb,
Kate Upton,5196600,People,People|Model,1f459,
Ken Watanabe,3622420,People,People|Actor,1f472-1f3fc,
Kim Kardashian,51753930,People,People|Actor,1f469-1f3fb,
Lance Armstrong,504470,People,People|Athlete,1f6b4,
Lewis Hamilton,8191640,People,People|Athlete,1f3ce,
Liam Neeson,4418100,People,People|Actor,1f52b,1f410
Mahatma Gandhi,11042170,People,People|Public figure,1f474-1f3fe,
Matt Damon,5278140,People,People|Actor,1f471-1f3fc,
Michael J. Fox,3777410,People,People|Actor,26a1,1f697
Michael Jackson,85176710,People,People|Musician,27a1,1f6b6-1f3fe
Michael Jordan,35281490,People,People|Athlete,26f9-1f3ff,
Miranda Kerr,9851300,People,People|Model,1f47c-1f3fc,
Monty Python,2932660,People,People|Actor,2696,
Morgan Freeman,30033960,People,People|Actor,1f474-1f3ff,
Nelson Mandela,13853890,People,People|Public figure,1f1ff-1f1e6,
Nikola Tesla,3031770,People,People|Scientist,1f4a1,
Peter Jackson,9925640,People,People|Director,1f3ac,
Peyton Manning,9907920,People,People|Athlete,1f3c8,
Pierce Brosnan,2809510,People,People|Actor,1f378,
Rachel McAdams,3145610,People,People|Actor,1f48f,
Reese Witherspoon,4517930,People,People|Actor,2696,1f64e
Richard Branson,8059150,People,People|Business Person,1f352,
Ridley Scott,7243660,People,People|Director,1f3ac,
Robert Downey Jr,24832830,People,People|Actor,1f468-1f3fb,
Rupert Murdoch,5169070,People,People|Business Person,1f4f0,
Salvador Dali,9417970,People,People|Artist,1f321,23f1
Sean Bean,3985000,People,People|Actor,1f635,
Sean Connery,2988640,People,People|Actor,1f474-1f3fb,
Sir Ian McKellen,8005670,People,People|Actor,1f474-1f3fb,
Socrates,4599660,People,People|Historical figure,1f914,
Stan Lee,49286460,People,People|Artist,1f474-1f3fb,
Stanley Kubrick,4196950,People,People|Director,1f534,
Stephen Hawking,5618560,People,People|Scientist,26ab,
Taylor Swift,91508320,People,People|Musician,1f3b8,
Terry Crews,9556180,People,People|Actor,1f46e-1f3ff,
The President of the United States,92239220,People,People|Public figure,1f1fa-1f1f8,
Thomas Edison,2588830,People,People|Scientist,1f4a1,
Tommy Lee Jones,9040250,People,People|Actor,1f47d,
Will Smith,84724360,People,People|Actor,1f468-1f3ff,
Wolfgang Amadeus Mozart,13099760,People,People|Musician,1f3bc,
Zack Snyder,9577640,People,People|Director,1f3ac,
Zhang Ziyi,2617770,People,People|Actor,1f405,1f409
Zoe Saldana,6236620,People,People|Actor,1f469-1f3ff,
African elephants,1450590,Science,Science|Biology|Animal,1f418,
Astrophysics,95186570,Science,Science|Physics|Astrophysics,1f52d,
Biceps,3378460,Science,Science|Biology|Anatomical structure,1f4aa-1f3fe,
Camels,18538650,Science,Science|Biology|Animal,1f42b,
Cockroaches,4767610,Science,Science|Biology|Animal,2622,
Eclipses,6847370,Science,Science|Nature,1f311,
Giant pandas,32950510,Science,Science|Biology|Animal,1f43c,
Goats,45917220,Science,Science|Biology|Animal,1f410,
Koalas,4916170,Science,Science|Biology|Animal,1f428,
Physics,318410350,Science,Science|Physics,269b,
Squid,8727250,Science,Science|Biology|Animal,1f419,
Sunsets,15565520,Science,Science|Nature,1f305,
The Moon,125825410,Science,Science|Nature,1f315,
The Sun,265816220,Science,Science|Nature,2600,
Whales,23173030,Science,Science|Biology|Animal,1f433,
Wild boar,5061540,Science,Science|Biology|Animal,1f417,
Beauty,753230080,Shopping and fashion,Shopping and fashion|Beauty,1f484,
Beauty salons,344728619,Shopping and fashion,Shopping and fashion|Beauty|Beauty salons,1f485-1f3fd,
Boutiques,276697324,Shopping and fashion,Shopping and fashion|Shopping|Boutiques,1f458,
Children's clothing,174949320,Shopping and fashion,Shopping and fashion|Clothing|Children's clothing,1f467-1f3fd,1f45a
Clothing,840041970,Shopping and fashion,Shopping and fashion|Clothing,1f455,
Converse,75809880,Shopping and fashion,Shopping and fashion|Brand,1f45f,
Cosmetics,468836960,Shopping and fashion,Shopping and fashion|Beauty|Cosmetics,1f484,
Coupons,340467712,Shopping and fashion,Shopping and fashion|Shopping|Coupons,1f3ab,
Diamonds,101964540,Shopping and fashion,,1f48e,
Discount shops,221342216,Shopping and fashion,Shopping and fashion|Shopping|Discount shops,1f3ab,1f3ec
Dresses,321285157,Shopping and fashion,Shopping and fashion|Fashion accessories|Dresses,1f457,
Fashion accessories,577243110,Shopping and fashion,Shopping and fashion|Fashion accessories,1f452,
Fashion design,133899550,Shopping and fashion,Business and industry|Design|Fashion design,1f483-1f3ff,
Fragrances,300878675,Shopping and fashion,Shopping and fashion|Beauty|Fragrances,1f4a8,
Furniture,210512950,Shopping and fashion,Hobbies and activities|Home and garden|Furniture,1f6cb,
Geeks,57121630,Shopping and fashion,,1f913,
Hair products,351835820,Shopping and fashion,Shopping and fashion|Beauty|Hair products,1f486-1f3fe,
Handbags,253711511,Shopping and fashion,Shopping and fashion|Fashion accessories|Handbags,1f45c,
IKEA,47158030,Shopping and fashion,Shopping and fashion|Brand,1f6cb,
Jewellery,435847840,Shopping and fashion,Shopping and fashion|Fashion accessories|Jewellery,1f48d,
Lingerie,97307460,Shopping and fashion,Shopping and fashion|Clothing,1f459,
Luxury goods,332696067,Shopping and fashion,Shopping and fashion|Shopping|Luxury goods,1f48e,
Online shopping,767873570,Shopping and fashion,Shopping and fashion|Shopping|Online shopping,1f4e6,
Shoes,458806450,Shopping and fashion,Shopping and fashion|Clothing|Shoes,1f45f,
Shopping,990441390,Shopping and fashion,Shopping and fashion|Shopping,1f6cd,
Shopping and fashion,1193713720,Shopping and fashion,Shopping and fashion,1f6cd,1f457
Shopping centres,283583790,Shopping and fashion,Shopping and fashion|Shopping|Shopping centres,1f3e3,
Sunglasses,202482950,Shopping and fashion,Shopping and fashion|Fashion accessories|Sunglasses,1f576,
Tattoos,322833813,Shopping and fashion,Shopping and fashion|Beauty|Tattoos,1f531,
Toys,188545920,Shopping and fashion,Shopping and fashion|Toys,1f3a0,
Victoria's Secret,38721680,Shopping and fashion,Shopping and fashion|Brand,1f910,
Watches,312406510,Shopping and fashion,Shopping and fashion|Clothing,231a,
Wedding dresses,87552910,Shopping and fashion,Shopping and fashion|Clothing,1f470,
American football,221021320,Sports and outdoors,Sports and outdoors|Sports|American football,1f3c8,
Archery,18653820,Sports and outdoors,Sports and outdoors|Sports,1f3af,
Baseball,247341790,Sports and outdoors,Sports and outdoors|Sports|Baseball,26be,
Basketball,383681470,Sports and outdoors,Sports and outdoors|Sports|Basketball,1f3c0,
Boating,44375846,Sports and outdoors,Sports and outdoors|Outdoor recreation|Boating,1f6a3-1f3fc,
Bowling,22886540,Sports and outdoors,Sports and outdoors|Sports,1f3b3,
Camping,68707630,Sports and outdoors,Sports and outdoors|Outdoor recreation|Camping,26fa,
Car racing,202582090,Sports and outdoors,Sports and outdoors|Sports|Car racing,1f3ce,
College football,104402860,Sports and outdoors,Sports and outdoors|Sports|College football,1f3c8,
Cricket,143935850,Sports and outdoors,Sports and outdoors|Sports,1f3cf,
Fishing,85705650,Sports and outdoors,Sports and outdoors|Outdoor recreation|Fishing,1f3a3,
Football,769984930,Sports and outdoors,Sports and outdoors|Sports|Football,26bd,
Formula One,70714160,Sports and outdoors,Sports and outdoors|Sports,1f3ce,
Golf,114528287,Sports and outdoors,Sports and outdoors|Sports|Golf,26f3,
Hiking,56569450,Sports and outdoors,Sports and outdoors|Outdoor recreation|Hiking,1f332,
Hunting,106064640,Sports and outdoors,Sports and outdoors|Outdoor recreation|Hunting,1f3f9,
Mountain biking,69215081,Sports and outdoors,Sports and outdoors|Outdoor recreation|Mountain biking,1f6b5-1f3fc,
Outdoor recreation,368430120,Sports and outdoors,Sports and outdoors|Outdoor recreation,1f304,
Rugby union,113812510,Sports and outdoors,Sports and outdoors|Sports,1f3c9,
Skiing,140397730,Sports and outdoors,Sports and outdoors|Sports|Skiing,26f7,
Snooker,6140340,Sports and outdoors,Sports and outdoors|Sports,1f3b1,
Snowboarding,135363996,Sports and outdoors,Sports and outdoors|Sports|Snowboarding,1f3c2,
Sports,1139145910,Sports and outdoors,Sports and outdoors|Sports,1f3d1,
Surfing,93887660,Sports and outdoors,Sports and outdoors|Outdoor recreation|Surfing,1f3c4-1f3fd,
Swimming,123583995,Sports and outdoors,Sports and outdoors|Sports|Swimming,1f3ca-1f3fc,
Table tennis,94959640,Sports and outdoors,Sports and outdoors|Sports,1f3d3,
Tennis,188538460,Sports and outdoors,Sports and outdoors|Sports|Tennis,1f3be,
Triathlons,73734796,Sports and outdoors,Sports and outdoors|Sports|Triathlons,1f3ca-1f3fc,
Volleyball,165058470,Sports and outdoors,Sports and outdoors|Sports|Volleyball,1f3d0,
Adobe Photoshop,57016890,Technology,Software,1f58c,
Atari,1201410,Technology,Company,1f579,
AutoCAD,6865620,Technology,Software,1f4d0,
Cameras,220395770,Technology,Technology|Consumer electronics|Cameras,1f4f7,
Computer processors,74391870,Technology,Technology|Computers|Computer processors,1f5a5,
Computer servers,119766200,Technology,Technology|Computers|Computer servers,1f5a5,1f5a5
Computers,1056166060,Technology,Technology|Computers,1f4bb,
Consumer electronics,1214006340,Technology,Technology|Consumer electronics,1f4fb,
Desktop computers,66073790,Technology,Technology|Computers|Desktop computers,1f4bb,1f5a5
Game consoles,358663450,Technology,Technology|Consumer electronics|Game consoles,1f3ae,
Hard drives,24978420,Technology,Technology|Computers|Hard drives,1f5c3,
Mobile phones,1087369660,Technology,Technology|Consumer electronics|Mobile phones,1f4f1,
Network storage,19893360,Technology,Technology|Computers|Network storage,1f4e1,
Smartphones,441232960,Technology,Technology|Consumer electronics|Smartphones,1f4f1,
Social media,174536190,Technology,Business and industry|Online|Social media,1f44d-1f3fb,
Tablet computers,200537270,Technology,Technology|Computers|Tablet computers,1f4f1,
Technology,1318222270,Technology,Technology,1f4a1,
Vehicles,530156110,Technology,Hobbies and activities|Vehicles,1f698,1f696
VHS,4508720,Technology,Technology|Consumer electronics,1f4fc,
Beaches,187961860,"Travel, places and events",Hobbies and activities|Travel|Beaches,1f3d6,
Castles,51545840,"Travel, places and events",,1f3f0,
Golden Gate Bridge,833930,"Travel, places and events",Bridge,1f309,
Hong Kong,75970640,"Travel, places and events",City,1f1ed-1f1f0,
Las Vegas,56866060,"Travel, places and events",City,1f3b0,
Marathons,78479167,"Travel, places and events",Sports and outdoors|Sports|Marathons,1f3c3-1f3ff,
Mountains,199727420,"Travel, places and events",Hobbies and activities|Travel|Mountains,1f3d4,
Music festivals,132347880,"Travel, places and events",Entertainment|Live events|Music festivals,1f3b6,
New Year's Eve,124513860,"Travel, places and events",Event,1f37e,
Statue of Liberty,2443790,"Travel, places and events",Statue,1f5fd,
Theme parks,134514548,"Travel, places and events",Hobbies and activities|Travel|Theme parks,1f3a2,
Time,693278170,"Travel, places and events",Science|Nature,23f3,
Tourism,341763640,"Travel, places and events",Hobbies and activities|Travel|Tourism,1f68b,
Tower Bridge,619080,"Travel, places and events",Bridge,1f309,
Traffic,20178120,"Travel, places and events",Hobbies and activities|Travel,1f6a6,
Travel,900896720,"Travel, places and events",Hobbies and activities|Travel,1f6eb,
Vampires,30376480,"Travel, places and events",Fantasy|Animal,1f489,
